filename,label,language
/content/drive/MyDrive/miniprojectfinal/data/preprocessed/Aamis (2019) Dual Au_seg0000.wav,1,assamese
/content/drive/MyDrive/miniprojectfinal/data/preprocessed/Aamis (2019) Dual Au_seg0001.wav,1,assamese
/content/drive/MyDrive/miniprojectfinal/data/preprocessed/Aamis (2019) Dual Au_seg0002.wav,1,assamese
/content/drive/MyDrive/miniprojectfinal/data/preprocessed/Aamis (2019) Dual Au_seg0003.wav,1,assamese
/content/drive/MyDrive/miniprojectfinal/data/preprocessed/Aamis (2019) Dual Au_seg0004.wav,1,assamese
/content/drive/MyDrive/miniprojectfinal/data/preprocessed/Aamis (2019) Dual Au_seg0005.wav,1,assamese
/content/drive/MyDrive/miniprojectfinal/data/preprocessed/Aamis (2019) Dual Au_seg0006.wav,1,assamese
/content/drive/MyDrive/miniprojectfinal/data/preprocessed/Aamis (2019) Dual Au_seg0008.wav,1,assamese
/content/drive/MyDrive/miniprojectfinal/data/preprocessed/Aamis (2019) Dual Au_seg0009.wav,0,assamese
/content/drive/MyDrive/miniprojectfinal/data/preprocessed/Aamis (2019) Dual Au_seg0010.wav,1,assamese
/content/drive/MyDrive/miniprojectfinal/data/preprocessed/Aamis (2019) Dual Au_seg0011.wav,1,assamese
/content/drive/MyDrive/miniprojectfinal/data/preprocessed/Aamis (2019) Dual Au_seg0012.wav,1,assamese
/content/drive/MyDrive/miniprojectfinal/data/preprocessed/Aamis (2019) Dual Au_seg0013.wav,1,assamese
/content/drive/MyDrive/miniprojectfinal/data/preprocessed/Aamis (2019) Dual Au_seg0014.wav,1,assamese
/content/drive/MyDrive/miniprojectfinal/data/preprocessed/Aamis (2019) Dual Au_seg0015.wav,1,assamese
/content/drive/MyDrive/miniprojectfinal/data/preprocessed/Aamis (2019) Dual Au_seg0017.wav,1,assamese
/content/drive/MyDrive/miniprojectfinal/data/preprocessed/Aamis (2019) Dual Au_seg0021.wav,1,assamese
/content/drive/MyDrive/miniprojectfinal/data/preprocessed/Aamis (2019) Dual Au_seg0022.wav,1,assamese
/content/drive/MyDrive/miniprojectfinal/data/preprocessed/Aamis (2019) Dual Au_seg0023.wav,1,assamese
/content/drive/MyDrive/miniprojectfinal/data/preprocessed/Aamis (2019) Dual Au_seg0024.wav,1,assamese
/content/drive/MyDrive/miniprojectfinal/data/preprocessed/Aamis (2019) Dual Au_seg0026.wav,1,assamese
/content/drive/MyDrive/miniprojectfinal/data/preprocessed/Aamis (2019) Dual Au_seg0027.wav,1,assamese
/content/drive/MyDrive/miniprojectfinal/data/preprocessed/Aamis (2019) Dual Au_seg0028.wav,0,assamese
/content/drive/MyDrive/miniprojectfinal/data/preprocessed/Aamis (2019) Dual Au_seg0029.wav,1,assamese
/content/drive/MyDrive/miniprojectfinal/data/preprocessed/Aamis (2019) Dual Au_seg0030.wav,0,assamese
/content/drive/MyDrive/miniprojectfinal/data/preprocessed/Aamis (2019) Dual Au_seg0031.wav,1,assamese
/content/drive/MyDrive/miniprojectfinal/data/preprocessed/Aamis (2019) Dual Au_seg0033.wav,1,assamese
/content/drive/MyDrive/miniprojectfinal/data/preprocessed/Aamis (2019) Dual Au_seg0034.wav,1,assamese
/content/drive/MyDrive/miniprojectfinal/data/preprocessed/Aamis (2019) Dual Au_seg0036.wav,0,assamese
/content/drive/MyDrive/miniprojectfinal/data/preprocessed/Aamis (2019) Dual Au_seg0037.wav,0,assamese
/content/drive/MyDrive/miniprojectfinal/data/preprocessed/Aamis (2019) Dual Au_seg0038.wav,1,assamese
/content/drive/MyDrive/miniprojectfinal/data/preprocessed/Aamis (2019) Dual Au_seg0039.wav,0,assamese
/content/drive/MyDrive/miniprojectfinal/data/preprocessed/Aamis (2019) Dual Au_seg0042.wav,1,assamese
/content/drive/MyDrive/miniprojectfinal/data/preprocessed/Aamis (2019) Dual Au_seg0046.wav,1,assamese
/content/drive/MyDrive/miniprojectfinal/data/preprocessed/Aamis (2019) Dual Au_seg0048.wav,1,assamese
/content/drive/MyDrive/miniprojectfinal/data/preprocessed/Aamis (2019) Dual Au_seg0049.wav,1,assamese
/content/drive/MyDrive/miniprojectfinal/data/preprocessed/Aamis (2019) Dual Au_seg0050.wav,1,assamese
/content/drive/MyDrive/miniprojectfinal/data/preprocessed/Aamis (2019) Dual Au_seg0053.wav,1,assamese
/content/drive/MyDrive/miniprojectfinal/data/preprocessed/Aamis (2019) Dual Au_seg0054.wav,0,assamese
/content/drive/MyDrive/miniprojectfinal/data/preprocessed/Aamis (2019) Dual Au_seg0055.wav,1,assamese
/content/drive/MyDrive/miniprojectfinal/data/preprocessed/Aamis (2019) Dual Au_seg0056.wav,1,assamese
/content/drive/MyDrive/miniprojectfinal/data/preprocessed/Aamis (2019) Dual Au_seg0057.wav,0,assamese
/content/drive/MyDrive/miniprojectfinal/data/preprocessed/Aamis (2019) Dual Au_seg0058.wav,0,assamese
/content/drive/MyDrive/miniprojectfinal/data/preprocessed/Aamis (2019) Dual Au_seg0059.wav,1,assamese
/content/drive/MyDrive/miniprojectfinal/data/preprocessed/Aamis (2019) Dual Au_seg0062.wav,1,assamese
/content/drive/MyDrive/miniprojectfinal/data/preprocessed/Aamis (2019) Dual Au_seg0063.wav,1,assamese
/content/drive/MyDrive/miniprojectfinal/data/preprocessed/Aamis (2019) Dual Au_seg0064.wav,1,assamese
/content/drive/MyDrive/miniprojectfinal/data/preprocessed/Aamis (2019) Dual Au_seg0065.wav,1,assamese
/content/drive/MyDrive/miniprojectfinal/data/preprocessed/Aamis (2019) Dual Au_seg0066.wav,1,assamese
/content/drive/MyDrive/miniprojectfinal/data/preprocessed/Aamis (2019) Dual Au_seg0069.wav,0,assamese
/content/drive/MyDrive/miniprojectfinal/data/preprocessed/Aamis (2019) Dual Au_seg0070.wav,1,assamese
/content/drive/MyDrive/miniprojectfinal/data/preprocessed/Aamis (2019) Dual Au_seg0075.wav,1,assamese
/content/drive/MyDrive/miniprojectfinal/data/preprocessed/Aamis (2019) Dual Au_seg0079.wav,1,assamese
/content/drive/MyDrive/miniprojectfinal/data/preprocessed/Aamis (2019) Dual Au_seg0080.wav,0,assamese
/content/drive/MyDrive/miniprojectfinal/data/preprocessed/Aamis (2019) Dual Au_seg0081.wav,1,assamese
/content/drive/MyDrive/miniprojectfinal/data/preprocessed/Aamis (2019) Dual Au_seg0084.wav,0,assamese
/content/drive/MyDrive/miniprojectfinal/data/preprocessed/Aamis (2019) Dual Au_seg0085.wav,1,assamese
/content/drive/MyDrive/miniprojectfinal/data/preprocessed/Aamis (2019) Dual Au_seg0086.wav,0,assamese
/content/drive/MyDrive/miniprojectfinal/data/preprocessed/Aamis (2019) Dual Au_seg0087.wav,0,assamese
/content/drive/MyDrive/miniprojectfinal/data/preprocessed/Aamis (2019) Dual Au_seg0088.wav,1,assamese
/content/drive/MyDrive/miniprojectfinal/data/preprocessed/Aamis (2019) Dual Au_seg0093.wav,1,assamese
/content/drive/MyDrive/miniprojectfinal/data/preprocessed/Aamis (2019) Dual Au_seg0095.wav,1,assamese
/content/drive/MyDrive/miniprojectfinal/data/preprocessed/Aamis (2019) Dual Au_seg0096.wav,1,assamese
/content/drive/MyDrive/miniprojectfinal/data/preprocessed/Aamis (2019) Dual Au_seg0097.wav,0,assamese
/content/drive/MyDrive/miniprojectfinal/data/preprocessed/Aamis (2019) Dual Au_seg0098.wav,1,assamese
/content/drive/MyDrive/miniprojectfinal/data/preprocessed/Aamis (2019) Dual Au_seg0099.wav,1,assamese
/content/drive/MyDrive/miniprojectfinal/data/preprocessed/Aamis (2019) Dual Au_seg0101.wav,1,assamese
/content/drive/MyDrive/miniprojectfinal/data/preprocessed/Aamis (2019) Dual Au_seg0102.wav,1,assamese
/content/drive/MyDrive/miniprojectfinal/data/preprocessed/Aamis (2019) Dual Au_seg0103.wav,0,assamese
/content/drive/MyDrive/miniprojectfinal/data/preprocessed/Aamis (2019) Dual Au_seg0104.wav,1,assamese
/content/drive/MyDrive/miniprojectfinal/data/preprocessed/Aamis (2019) Dual Au_seg0105.wav,1,assamese
/content/drive/MyDrive/miniprojectfinal/data/preprocessed/Aamis (2019) Dual Au_seg0107.wav,1,assamese
/content/drive/MyDrive/miniprojectfinal/data/preprocessed/Aamis (2019) Dual Au_seg0110.wav,0,assamese
/content/drive/MyDrive/miniprojectfinal/data/preprocessed/Aamis (2019) Dual Au_seg0111.wav,1,assamese
/content/drive/MyDrive/miniprojectfinal/data/preprocessed/Aamis (2019) Dual Au_seg0112.wav,0,assamese
/content/drive/MyDrive/miniprojectfinal/data/preprocessed/Aamis (2019) Dual Au_seg0113.wav,1,assamese
/content/drive/MyDrive/miniprojectfinal/data/preprocessed/Aamis (2019) Dual Au_seg0118.wav,1,assamese
/content/drive/MyDrive/miniprojectfinal/data/preprocessed/Aamis (2019) Dual Au_seg0120.wav,1,assamese
/content/drive/MyDrive/miniprojectfinal/data/preprocessed/Aamis (2019) Dual Au_seg0122.wav,1,assamese
/content/drive/MyDrive/miniprojectfinal/data/preprocessed/Aamis (2019) Dual Au_seg0123.wav,1,assamese
/content/drive/MyDrive/miniprojectfinal/data/preprocessed/Aamis (2019) Dual Au_seg0125.wav,0,assamese
/content/drive/MyDrive/miniprojectfinal/data/preprocessed/Aamis (2019) Dual Au_seg0127.wav,1,assamese
/content/drive/MyDrive/miniprojectfinal/data/preprocessed/Aamis (2019) Dual Au_seg0128.wav,1,assamese
/content/drive/MyDrive/miniprojectfinal/data/preprocessed/Aamis (2019) Dual Au_seg0130.wav,1,assamese
/content/drive/MyDrive/miniprojectfinal/data/preprocessed/Aamis (2019) Dual Au_seg0131.wav,1,assamese
/content/drive/MyDrive/miniprojectfinal/data/preprocessed/Aamis (2019) Dual Au_seg0132.wav,1,assamese
/content/drive/MyDrive/miniprojectfinal/data/preprocessed/Aamis (2019) Dual Au_seg0139.wav,1,assamese
/content/drive/MyDrive/miniprojectfinal/data/preprocessed/Aamis (2019) Dual Au_seg0140.wav,0,assamese
/content/drive/MyDrive/miniprojectfinal/data/preprocessed/Aamis (2019) Dual Au_seg0141.wav,1,assamese
/content/drive/MyDrive/miniprojectfinal/data/preprocessed/Aamis (2019) Dual Au_seg0143.wav,1,assamese
/content/drive/MyDrive/miniprojectfinal/data/preprocessed/Aamis (2019) Dual Au_seg0144.wav,1,assamese
/content/drive/MyDrive/miniprojectfinal/data/preprocessed/Aamis (2019) Dual Au_seg0150.wav,0,assamese
/content/drive/MyDrive/miniprojectfinal/data/preprocessed/Aamis (2019) Dual Au_seg0152.wav,1,assamese
/content/drive/MyDrive/miniprojectfinal/data/preprocessed/Aamis (2019) Dual Au_seg0153.wav,0,assamese
/content/drive/MyDrive/miniprojectfinal/data/preprocessed/Aamis (2019) Dual Au_seg0155.wav,1,assamese
/content/drive/MyDrive/miniprojectfinal/data/preprocessed/Aamis (2019) Dual Au_seg0158.wav,1,assamese
/content/drive/MyDrive/miniprojectfinal/data/preprocessed/Aamis (2019) Dual Au_seg0159.wav,1,assamese
/content/drive/MyDrive/miniprojectfinal/data/preprocessed/Aamis (2019) Dual Au_seg0160.wav,1,assamese
/content/drive/MyDrive/miniprojectfinal/data/preprocessed/Aamis (2019) Dual Au_seg0161.wav,0,assamese
/content/drive/MyDrive/miniprojectfinal/data/preprocessed/Aamis (2019) Dual Au_seg0162.wav,1,assamese
/content/drive/MyDrive/miniprojectfinal/data/preprocessed/Aamis (2019) Dual Au_seg0164.wav,0,assamese
/content/drive/MyDrive/miniprojectfinal/data/preprocessed/Aamis (2019) Dual Au_seg0166.wav,1,assamese
/content/drive/MyDrive/miniprojectfinal/data/preprocessed/Aamis (2019) Dual Au_seg0167.wav,1,assamese
/content/drive/MyDrive/miniprojectfinal/data/preprocessed/Aamis (2019) Dual Au_seg0168.wav,0,assamese
/content/drive/MyDrive/miniprojectfinal/data/preprocessed/Aamis (2019) Dual Au_seg0170.wav,1,assamese
/content/drive/MyDrive/miniprojectfinal/data/preprocessed/Aamis (2019) Dual Au_seg0171.wav,0,assamese
/content/drive/MyDrive/miniprojectfinal/data/preprocessed/Aamis (2019) Dual Au_seg0174.wav,1,assamese
/content/drive/MyDrive/miniprojectfinal/data/preprocessed/Aamis (2019) Dual Au_seg0177.wav,1,assamese
/content/drive/MyDrive/miniprojectfinal/data/preprocessed/Aamis (2019) Dual Au_seg0179.wav,1,assamese
/content/drive/MyDrive/miniprojectfinal/data/preprocessed/Aamis (2019) Dual Au_seg0182.wav,1,assamese
/content/drive/MyDrive/miniprojectfinal/data/preprocessed/Aamis (2019) Dual Au_seg0184.wav,0,assamese
/content/drive/MyDrive/miniprojectfinal/data/preprocessed/Aamis (2019) Dual Au_seg0185.wav,1,assamese
/content/drive/MyDrive/miniprojectfinal/data/preprocessed/Aamis (2019) Dual Au_seg0186.wav,0,assamese
/content/drive/MyDrive/miniprojectfinal/data/preprocessed/Aamis (2019) Dual Au_seg0187.wav,0,assamese
/content/drive/MyDrive/miniprojectfinal/data/preprocessed/Aamis (2019) Dual Au_seg0189.wav,1,assamese
/content/drive/MyDrive/miniprojectfinal/data/preprocessed/Aamis (2019) Dual Au_seg0190.wav,1,assamese
/content/drive/MyDrive/miniprojectfinal/data/preprocessed/Aamis (2019) Dual Au_seg0191.wav,0,assamese
/content/drive/MyDrive/miniprojectfinal/data/preprocessed/Aamis (2019) Dual Au_seg0193.wav,1,assamese
/content/drive/MyDrive/miniprojectfinal/data/preprocessed/Aamis (2019) Dual Au_seg0194.wav,0,assamese
/content/drive/MyDrive/miniprojectfinal/data/preprocessed/Aamis (2019) Dual Au_seg0195.wav,0,assamese
/content/drive/MyDrive/miniprojectfinal/data/preprocessed/Aamis (2019) Dual Au_seg0196.wav,0,assamese
/content/drive/MyDrive/miniprojectfinal/data/preprocessed/Aamis (2019) Dual Au_seg0199.wav,0,assamese
/content/drive/MyDrive/miniprojectfinal/data/preprocessed/Aamis (2019) Dual Au_seg0201.wav,0,assamese
/content/drive/MyDrive/miniprojectfinal/data/preprocessed/Aamis (2019) Dual Au_seg0202.wav,1,assamese
/content/drive/MyDrive/miniprojectfinal/data/preprocessed/Aamis (2019) Dual Au_seg0203.wav,0,assamese
/content/drive/MyDrive/miniprojectfinal/data/preprocessed/Aamis (2019) Dual Au_seg0204.wav,1,assamese
/content/drive/MyDrive/miniprojectfinal/data/preprocessed/Aamis (2019) Dual Au_seg0205.wav,0,assamese
/content/drive/MyDrive/miniprojectfinal/data/preprocessed/Aamis (2019) Dual Au_seg0206.wav,0,assamese
/content/drive/MyDrive/miniprojectfinal/data/preprocessed/Aamis (2019) Dual Au_seg0207.wav,1,assamese
/content/drive/MyDrive/miniprojectfinal/data/preprocessed/Aamis (2019) Dual Au_seg0208.wav,0,assamese
/content/drive/MyDrive/miniprojectfinal/data/preprocessed/Aamis (2019) Dual Au_seg0210.wav,1,assamese
/content/drive/MyDrive/miniprojectfinal/data/preprocessed/Aamis (2019) Dual Au_seg0214.wav,1,assamese
/content/drive/MyDrive/miniprojectfinal/data/preprocessed/Aamis (2019) Dual Au_seg0216.wav,1,assamese
/content/drive/MyDrive/miniprojectfinal/data/preprocessed/Aamis (2019) Dual Au_seg0220.wav,0,assamese
/content/drive/MyDrive/miniprojectfinal/data/preprocessed/Aamis (2019) Dual Au_seg0229.wav,1,assamese
/content/drive/MyDrive/miniprojectfinal/data/preprocessed/Aamis (2019) Dual Au_seg0232.wav,1,assamese
/content/drive/MyDrive/miniprojectfinal/data/preprocessed/Aamis (2019) Dual Au_seg0234.wav,1,assamese
/content/drive/MyDrive/miniprojectfinal/data/preprocessed/Aamis (2019) Dual Au_seg0235.wav,0,assamese
/content/drive/MyDrive/miniprojectfinal/data/preprocessed/Aamis (2019) Dual Au_seg0236.wav,0,assamese
/content/drive/MyDrive/miniprojectfinal/data/preprocessed/Aamis (2019) Dual Au_seg0239.wav,0,assamese
/content/drive/MyDrive/miniprojectfinal/data/preprocessed/Aamis (2019) Dual Au_seg0240.wav,0,assamese
/content/drive/MyDrive/miniprojectfinal/data/preprocessed/Aamis (2019) Dual Au_seg0241.wav,0,assamese
/content/drive/MyDrive/miniprojectfinal/data/preprocessed/Aamis (2019) Dual Au_seg0244.wav,1,assamese
/content/drive/MyDrive/miniprojectfinal/data/preprocessed/Aamis (2019) Dual Au_seg0250.wav,0,assamese
/content/drive/MyDrive/miniprojectfinal/data/preprocessed/Aamis (2019) Dual Au_seg0252.wav,0,assamese
/content/drive/MyDrive/miniprojectfinal/data/preprocessed/Aamis (2019) Dual Au_seg0253.wav,1,assamese
/content/drive/MyDrive/miniprojectfinal/data/preprocessed/Aamis (2019) Dual Au_seg0254.wav,0,assamese
/content/drive/MyDrive/miniprojectfinal/data/preprocessed/Aamis (2019) Dual Au_seg0256.wav,0,assamese
/content/drive/MyDrive/miniprojectfinal/data/preprocessed/Aamis (2019) Dual Au_seg0258.wav,1,assamese
/content/drive/MyDrive/miniprojectfinal/data/preprocessed/Aamis (2019) Dual Au_seg0259.wav,0,assamese
/content/drive/MyDrive/miniprojectfinal/data/preprocessed/Aamis (2019) Dual Au_seg0260.wav,1,assamese
/content/drive/MyDrive/miniprojectfinal/data/preprocessed/Aamis (2019) Dual Au_seg0261.wav,0,assamese
/content/drive/MyDrive/miniprojectfinal/data/preprocessed/Aamis (2019) Dual Au_seg0265.wav,1,assamese
/content/drive/MyDrive/miniprojectfinal/data/preprocessed/Aamis (2019) Dual Au_seg0272.wav,0,assamese
/content/drive/MyDrive/miniprojectfinal/data/preprocessed/Aamis (2019) Dual Au_seg0273.wav,0,assamese
/content/drive/MyDrive/miniprojectfinal/data/preprocessed/Aamis (2019) Dual Au_seg0278.wav,0,assamese
/content/drive/MyDrive/miniprojectfinal/data/preprocessed/Aamis (2019) Dual Au_seg0279.wav,1,assamese
/content/drive/MyDrive/miniprojectfinal/data/preprocessed/Aamis (2019) Dual Au_seg0280.wav,1,assamese
/content/drive/MyDrive/miniprojectfinal/data/preprocessed/Aamis (2019) Dual Au_seg0282.wav,1,assamese
/content/drive/MyDrive/miniprojectfinal/data/preprocessed/Aamis (2019) Dual Au_seg0283.wav,1,assamese
/content/drive/MyDrive/miniprojectfinal/data/preprocessed/Aamis (2019) Dual Au_seg0286.wav,1,assamese
/content/drive/MyDrive/miniprojectfinal/data/preprocessed/Aamis (2019) Dual Au_seg0289.wav,1,assamese
/content/drive/MyDrive/miniprojectfinal/data/preprocessed/Aamis (2019) Dual Au_seg0293.wav,0,assamese
/content/drive/MyDrive/miniprojectfinal/data/preprocessed/Aamis (2019) Dual Au_seg0294.wav,1,assamese
/content/drive/MyDrive/miniprojectfinal/data/preprocessed/Aamis (2019) Dual Au_seg0297.wav,1,assamese
/content/drive/MyDrive/miniprojectfinal/data/preprocessed/Aamis (2019) Dual Au_seg0299.wav,1,assamese
/content/drive/MyDrive/miniprojectfinal/data/preprocessed/Aamis (2019) Dual Au_seg0300.wav,1,assamese
/content/drive/MyDrive/miniprojectfinal/data/preprocessed/Aamis (2019) Dual Au_seg0302.wav,0,assamese
/content/drive/MyDrive/miniprojectfinal/data/preprocessed/Aamis (2019) Dual Au_seg0310.wav,1,assamese
/content/drive/MyDrive/miniprojectfinal/data/preprocessed/Aamis (2019) Dual Au_seg0311.wav,1,assamese
/content/drive/MyDrive/miniprojectfinal/data/preprocessed/Aamis (2019) Dual Au_seg0312.wav,1,assamese
/content/drive/MyDrive/miniprojectfinal/data/preprocessed/Aamis (2019) Dual Au_seg0313.wav,1,assamese
/content/drive/MyDrive/miniprojectfinal/data/preprocessed/Aamis (2019) Dual Au_seg0316.wav,1,assamese
/content/drive/MyDrive/miniprojectfinal/data/preprocessed/Aamis (2019) Dual Au_seg0317.wav,1,assamese
/content/drive/MyDrive/miniprojectfinal/data/preprocessed/Aamis (2019) Dual Au_seg0318.wav,1,assamese
/content/drive/MyDrive/miniprojectfinal/data/preprocessed/Aamis (2019) Dual Au_seg0319.wav,1,assamese
/content/drive/MyDrive/miniprojectfinal/data/preprocessed/Aamis (2019) Dual Au_seg0321.wav,1,assamese
/content/drive/MyDrive/miniprojectfinal/data/preprocessed/Aamis (2019) Dual Au_seg0323.wav,1,assamese
/content/drive/MyDrive/miniprojectfinal/data/preprocessed/Aamis (2019) Dual Au_seg0327.wav,1,assamese
/content/drive/MyDrive/miniprojectfinal/data/preprocessed/Aamis (2019) Dual Au_seg0330.wav,0,assamese
/content/drive/MyDrive/miniprojectfinal/data/preprocessed/Aamis (2019) Dual Au_seg0331.wav,0,assamese
/content/drive/MyDrive/miniprojectfinal/data/preprocessed/Aamis (2019) Dual Au_seg0334.wav,0,assamese
/content/drive/MyDrive/miniprojectfinal/data/preprocessed/Aamis (2019) Dual Au_seg0335.wav,1,assamese
/content/drive/MyDrive/miniprojectfinal/data/preprocessed/Aamis (2019) Dual Au_seg0336.wav,1,assamese
/content/drive/MyDrive/miniprojectfinal/data/preprocessed/Aamis (2019) Dual Au_seg0340.wav,1,assamese
/content/drive/MyDrive/miniprojectfinal/data/preprocessed/Aamis (2019) Dual Au_seg0341.wav,0,assamese
/content/drive/MyDrive/miniprojectfinal/data/preprocessed/Aamis (2019) Dual Au_seg0343.wav,1,assamese
/content/drive/MyDrive/miniprojectfinal/data/preprocessed/Aamis (2019) Dual Au_seg0347.wav,1,assamese
/content/drive/MyDrive/miniprojectfinal/data/preprocessed/Aamis (2019) Dual Au_seg0350.wav,1,assamese
/content/drive/MyDrive/miniprojectfinal/data/preprocessed/Aamis (2019) Dual Au_seg0352.wav,1,assamese
/content/drive/MyDrive/miniprojectfinal/data/preprocessed/Aamis (2019) Dual Au_seg0356.wav,1,assamese
/content/drive/MyDrive/miniprojectfinal/data/preprocessed/Aamis (2019) Dual Au_seg0357.wav,1,assamese
/content/drive/MyDrive/miniprojectfinal/data/preprocessed/Aamis (2019) Dual Au_seg0359.wav,1,assamese
/content/drive/MyDrive/miniprojectfinal/data/preprocessed/Aamis (2019) Dual Au_seg0361.wav,1,assamese
/content/drive/MyDrive/miniprojectfinal/data/preprocessed/Aamis (2019) Dual Au_seg0362.wav,1,assamese
/content/drive/MyDrive/miniprojectfinal/data/preprocessed/Aamis (2019) Dual Au_seg0368.wav,0,assamese
/content/drive/MyDrive/miniprojectfinal/data/preprocessed/Aamis (2019) Dual Au_seg0374.wav,1,assamese
/content/drive/MyDrive/miniprojectfinal/data/preprocessed/Aamis (2019) Dual Au_seg0379.wav,1,assamese
/content/drive/MyDrive/miniprojectfinal/data/preprocessed/Aamis (2019) Dual Au_seg0382.wav,1,assamese
/content/drive/MyDrive/miniprojectfinal/data/preprocessed/Aamis (2019) Dual Au_seg0384.wav,0,assamese
/content/drive/MyDrive/miniprojectfinal/data/preprocessed/Aamis (2019) Dual Au_seg0386.wav,0,assamese
/content/drive/MyDrive/miniprojectfinal/data/preprocessed/Aamis (2019) Dual Au_seg0387.wav,1,assamese
/content/drive/MyDrive/miniprojectfinal/data/preprocessed/Aamis (2019) Dual Au_seg0392.wav,1,assamese
/content/drive/MyDrive/miniprojectfinal/data/preprocessed/Aamis (2019) Dual Au_seg0394.wav,0,assamese
/content/drive/MyDrive/miniprojectfinal/data/preprocessed/Aamis (2019) Dual Au_seg0401.wav,1,assamese
/content/drive/MyDrive/miniprojectfinal/data/preprocessed/Aamis (2019) Dual Au_seg0402.wav,0,assamese
/content/drive/MyDrive/miniprojectfinal/data/preprocessed/Aamis (2019) Dual Au_seg0403.wav,0,assamese
/content/drive/MyDrive/miniprojectfinal/data/preprocessed/Aamis (2019) Dual Au_seg0407.wav,0,assamese
/content/drive/MyDrive/miniprojectfinal/data/preprocessed/Aamis (2019) Dual Au_seg0411.wav,0,assamese
/content/drive/MyDrive/miniprojectfinal/data/preprocessed/Aamis (2019) Dual Au_seg0412.wav,0,assamese
/content/drive/MyDrive/miniprojectfinal/data/preprocessed/Aamis (2019) Dual Au_seg0415.wav,0,assamese
/content/drive/MyDrive/miniprojectfinal/data/preprocessed/Aamis (2019) Dual Au_seg0417.wav,0,assamese
/content/drive/MyDrive/miniprojectfinal/data/preprocessed/Aamis (2019) Dual Au_seg0419.wav,0,assamese
/content/drive/MyDrive/miniprojectfinal/data/preprocessed/Aamis (2019) Dual Au_seg0420.wav,0,assamese
/content/drive/MyDrive/miniprojectfinal/data/preprocessed/Aamis (2019) Dual Au_seg0422.wav,1,assamese
/content/drive/MyDrive/miniprojectfinal/data/preprocessed/Aamis (2019) Dual Au_seg0423.wav,1,assamese
/content/drive/MyDrive/miniprojectfinal/data/preprocessed/Aamis (2019) Dual Au_seg0425.wav,1,assamese
/content/drive/MyDrive/miniprojectfinal/data/preprocessed/Aamis (2019) Dual Au_seg0426.wav,0,assamese
/content/drive/MyDrive/miniprojectfinal/data/preprocessed/Aamis (2019) Dual Au_seg0430.wav,1,assamese
/content/drive/MyDrive/miniprojectfinal/data/preprocessed/Aamis (2019) Dual Au_seg0432.wav,1,assamese
/content/drive/MyDrive/miniprojectfinal/data/preprocessed/Aamis (2019) Dual Au_seg0433.wav,1,assamese
/content/drive/MyDrive/miniprojectfinal/data/preprocessed/Aamis (2019) Dual Au_seg0438.wav,1,assamese
/content/drive/MyDrive/miniprojectfinal/data/preprocessed/Aamis (2019) Dual Au_seg0439.wav,1,assamese
/content/drive/MyDrive/miniprojectfinal/data/preprocessed/Aamis (2019) Dual Au_seg0440.wav,1,assamese
/content/drive/MyDrive/miniprojectfinal/data/preprocessed/Aamis (2019) Dual Au_seg0442.wav,1,assamese
/content/drive/MyDrive/miniprojectfinal/data/preprocessed/Aamis (2019) Dual Au_seg0443.wav,1,assamese
/content/drive/MyDrive/miniprojectfinal/data/preprocessed/Aamis (2019) Dual Au_seg0444.wav,1,assamese
/content/drive/MyDrive/miniprojectfinal/data/preprocessed/Aamis (2019) Dual Au_seg0445.wav,1,assamese
/content/drive/MyDrive/miniprojectfinal/data/preprocessed/Aamis (2019) Dual Au_seg0446.wav,0,assamese
/content/drive/MyDrive/miniprojectfinal/data/preprocessed/Aamis (2019) Dual Au_seg0450.wav,0,assamese
/content/drive/MyDrive/miniprojectfinal/data/preprocessed/Aamis (2019) Dual Au_seg0451.wav,1,assamese
/content/drive/MyDrive/miniprojectfinal/data/preprocessed/Aamis (2019) Dual Au_seg0454.wav,1,assamese
/content/drive/MyDrive/miniprojectfinal/data/preprocessed/Aamis (2019) Dual Au_seg0458.wav,0,assamese
/content/drive/MyDrive/miniprojectfinal/data/preprocessed/Aamis (2019) Dual Au_seg0462.wav,0,assamese
/content/drive/MyDrive/miniprojectfinal/data/preprocessed/Aamis (2019) Dual Au_seg0463.wav,0,assamese
/content/drive/MyDrive/miniprojectfinal/data/preprocessed/Aamis (2019) Dual Au_seg0464.wav,0,assamese
/content/drive/MyDrive/miniprojectfinal/data/preprocessed/Aamis (2019) Dual Au_seg0465.wav,0,assamese
/content/drive/MyDrive/miniprojectfinal/data/preprocessed/Aamis (2019) Dual Au_seg0470.wav,0,assamese
/content/drive/MyDrive/miniprojectfinal/data/preprocessed/Aamis (2019) Dual Au_seg0472.wav,1,assamese
/content/drive/MyDrive/miniprojectfinal/data/preprocessed/Aamis (2019) Dual Au_seg0473.wav,0,assamese
/content/drive/MyDrive/miniprojectfinal/data/preprocessed/Aamis (2019) Dual Au_seg0474.wav,0,assamese
/content/drive/MyDrive/miniprojectfinal/data/preprocessed/Aamis (2019) Dual Au_seg0475.wav,0,assamese
/content/drive/MyDrive/miniprojectfinal/data/preprocessed/Aamis (2019) Dual Au_seg0477.wav,0,assamese
/content/drive/MyDrive/miniprojectfinal/data/preprocessed/Aamis (2019) Dual Au_seg0480.wav,0,assamese
/content/drive/MyDrive/miniprojectfinal/data/preprocessed/Aamis (2019) Dual Au_seg0482.wav,1,assamese
/content/drive/MyDrive/miniprojectfinal/data/preprocessed/Aamis (2019) Dual Au_seg0483.wav,1,assamese
/content/drive/MyDrive/miniprojectfinal/data/preprocessed/Aamis (2019) Dual Au_seg0489.wav,1,assamese
/content/drive/MyDrive/miniprojectfinal/data/preprocessed/Aamis (2019) Dual Au_seg0491.wav,1,assamese
/content/drive/MyDrive/miniprojectfinal/data/preprocessed/Aamis (2019) Dual Au_seg0493.wav,1,assamese
/content/drive/MyDrive/miniprojectfinal/data/preprocessed/Aamis (2019) Dual Au_seg0494.wav,0,assamese
/content/drive/MyDrive/miniprojectfinal/data/preprocessed/Aamis (2019) Dual Au_seg0496.wav,0,assamese
/content/drive/MyDrive/miniprojectfinal/data/preprocessed/Aamis (2019) Dual Au_seg0497.wav,0,assamese
/content/drive/MyDrive/miniprojectfinal/data/preprocessed/Aamis (2019) Dual Au_seg0498.wav,0,assamese
/content/drive/MyDrive/miniprojectfinal/data/preprocessed/Aamis (2019) Dual Au_seg0503.wav,0,assamese
/content/drive/MyDrive/miniprojectfinal/data/preprocessed/Aamis (2019) Dual Au_seg0505.wav,0,assamese
/content/drive/MyDrive/miniprojectfinal/data/preprocessed/Aamis (2019) Dual Au_seg0506.wav,1,assamese
/content/drive/MyDrive/miniprojectfinal/data/preprocessed/Aamis (2019) Dual Au_seg0510.wav,0,assamese
/content/drive/MyDrive/miniprojectfinal/data/preprocessed/Aamis (2019) Dual Au_seg0513.wav,0,assamese
/content/drive/MyDrive/miniprojectfinal/data/preprocessed/Aamis (2019) Dual Au_seg0515.wav,0,assamese
/content/drive/MyDrive/miniprojectfinal/data/preprocessed/Aamis (2019) Dual Au_seg0516.wav,0,assamese
/content/drive/MyDrive/miniprojectfinal/data/preprocessed/Aamis (2019) Dual Au_seg0519.wav,0,assamese
/content/drive/MyDrive/miniprojectfinal/data/preprocessed/Aamis (2019) Dual Au_seg0520.wav,0,assamese
/content/drive/MyDrive/miniprojectfinal/data/preprocessed/Aamis (2019) Dual Au_seg0526.wav,0,assamese
/content/drive/MyDrive/miniprojectfinal/data/preprocessed/Aamis (2019) Dual Au_seg0528.wav,1,assamese
/content/drive/MyDrive/miniprojectfinal/data/preprocessed/Aamis (2019) Dual Au_seg0529.wav,0,assamese
/content/drive/MyDrive/miniprojectfinal/data/preprocessed/Aamis (2019) Dual Au_seg0530.wav,0,assamese
/content/drive/MyDrive/miniprojectfinal/data/preprocessed/Aamis (2019) Dual Au_seg0531.wav,0,assamese
/content/drive/MyDrive/miniprojectfinal/data/preprocessed/Aamis (2019) Dual Au_seg0532.wav,1,assamese
/content/drive/MyDrive/miniprojectfinal/data/preprocessed/Aamis (2019) Dual Au_seg0534.wav,0,assamese
/content/drive/MyDrive/miniprojectfinal/data/preprocessed/Aamis (2019) Dual Au_seg0537.wav,0,assamese
/content/drive/MyDrive/miniprojectfinal/data/preprocessed/Aamis (2019) Dual Au_seg0539.wav,1,assamese
/content/drive/MyDrive/miniprojectfinal/data/preprocessed/Aamis (2019) Dual Au_seg0540.wav,1,assamese
/content/drive/MyDrive/miniprojectfinal/data/preprocessed/Aamis (2019) Dual Au_seg0541.wav,1,assamese
/content/drive/MyDrive/miniprojectfinal/data/preprocessed/Aamis (2019) Dual Au_seg0542.wav,0,assamese
/content/drive/MyDrive/miniprojectfinal/data/preprocessed/Aamis (2019) Dual Au_seg0544.wav,1,assamese
/content/drive/MyDrive/miniprojectfinal/data/preprocessed/Aamis (2019) Dual Au_seg0545.wav,0,assamese
/content/drive/MyDrive/miniprojectfinal/data/preprocessed/Aamis (2019) Dual Au_seg0546.wav,0,assamese
/content/drive/MyDrive/miniprojectfinal/data/preprocessed/Aamis (2019) Dual Au_seg0548.wav,0,assamese
/content/drive/MyDrive/miniprojectfinal/data/preprocessed/Aamis (2019) Dual Au_seg0550.wav,1,assamese
/content/drive/MyDrive/miniprojectfinal/data/preprocessed/Aamis (2019) Dual Au_seg0552.wav,0,assamese
/content/drive/MyDrive/miniprojectfinal/data/preprocessed/Aamis (2019) Dual Au_seg0553.wav,0,assamese
/content/drive/MyDrive/miniprojectfinal/data/preprocessed/Aamis (2019) Dual Au_seg0555.wav,0,assamese
/content/drive/MyDrive/miniprojectfinal/data/preprocessed/Aamis (2019) Dual Au_seg0556.wav,0,assamese
/content/drive/MyDrive/miniprojectfinal/data/preprocessed/Aamis (2019) Dual Au_seg0557.wav,0,assamese
/content/drive/MyDrive/miniprojectfinal/data/preprocessed/Aamis (2019) Dual Au_seg0558.wav,0,assamese
/content/drive/MyDrive/miniprojectfinal/data/preprocessed/Aamis (2019) Dual Au_seg0559.wav,0,assamese
/content/drive/MyDrive/miniprojectfinal/data/preprocessed/Aamis (2019) Dual Au_seg0562.wav,0,assamese
/content/drive/MyDrive/miniprojectfinal/data/preprocessed/Aamis (2019) Dual Au_seg0575.wav,0,assamese
/content/drive/MyDrive/miniprojectfinal/data/preprocessed/Aamis (2019) Dual Au_seg0577.wav,1,assamese
/content/drive/MyDrive/miniprojectfinal/data/preprocessed/Aamis (2019) Dual Au_seg0579.wav,0,assamese
/content/drive/MyDrive/miniprojectfinal/data/preprocessed/Aamis (2019) Dual Au_seg0580.wav,1,assamese
/content/drive/MyDrive/miniprojectfinal/data/preprocessed/Aamis (2019) Dual Au_seg0582.wav,1,assamese
/content/drive/MyDrive/miniprojectfinal/data/preprocessed/Aamis (2019) Dual Au_seg0583.wav,1,assamese
/content/drive/MyDrive/miniprojectfinal/data/preprocessed/Aamis (2019) Dual Au_seg0584.wav,0,assamese
/content/drive/MyDrive/miniprojectfinal/data/preprocessed/Aamis (2019) Dual Au_seg0587.wav,0,assamese
/content/drive/MyDrive/miniprojectfinal/data/preprocessed/Aamis (2019) Dual Au_seg0589.wav,1,assamese
/content/drive/MyDrive/miniprojectfinal/data/preprocessed/Aamis (2019) Dual Au_seg0592.wav,0,assamese
/content/drive/MyDrive/miniprojectfinal/data/preprocessed/Aamis (2019) Dual Au_seg0594.wav,1,assamese
/content/drive/MyDrive/miniprojectfinal/data/preprocessed/Aamis (2019) Dual Au_seg0596.wav,1,assamese
/content/drive/MyDrive/miniprojectfinal/data/preprocessed/Aamis (2019) Dual Au_seg0597.wav,0,assamese
/content/drive/MyDrive/miniprojectfinal/data/preprocessed/Aamis (2019) Dual Au_seg0598.wav,0,assamese
/content/drive/MyDrive/miniprojectfinal/data/preprocessed/Aamis (2019) Dual Au_seg0599.wav,1,assamese
/content/drive/MyDrive/miniprojectfinal/data/preprocessed/Aamis (2019) Dual Au_seg0601.wav,0,assamese
/content/drive/MyDrive/miniprojectfinal/data/preprocessed/Aamis (2019) Dual Au_seg0602.wav,1,assamese
/content/drive/MyDrive/miniprojectfinal/data/preprocessed/Aamis (2019) Dual Au_seg0609.wav,0,assamese
/content/drive/MyDrive/miniprojectfinal/data/preprocessed/Aamis (2019) Dual Au_seg0610.wav,1,assamese
/content/drive/MyDrive/miniprojectfinal/data/preprocessed/Aamis (2019) Dual Au_seg0611.wav,1,assamese
/content/drive/MyDrive/miniprojectfinal/data/preprocessed/Aamis (2019) Dual Au_seg0612.wav,1,assamese
/content/drive/MyDrive/miniprojectfinal/data/preprocessed/Aamis (2019) Dual Au_seg0613.wav,0,assamese
/content/drive/MyDrive/miniprojectfinal/data/preprocessed/Aamis (2019) Dual Au_seg0615.wav,0,assamese
/content/drive/MyDrive/miniprojectfinal/data/preprocessed/Aamis (2019) Dual Au_seg0618.wav,1,assamese
/content/drive/MyDrive/miniprojectfinal/data/preprocessed/Aamis (2019) Dual Au_seg0623.wav,1,assamese
/content/drive/MyDrive/miniprojectfinal/data/preprocessed/Aamis (2019) Dual Au_seg0629.wav,0,assamese
/content/drive/MyDrive/miniprojectfinal/data/preprocessed/Aamis (2019) Dual Au_seg0633.wav,0,assamese
/content/drive/MyDrive/miniprojectfinal/data/preprocessed/Aamis (2019) Dual Au_seg0635.wav,0,assamese
/content/drive/MyDrive/miniprojectfinal/data/preprocessed/Aamis (2019) Dual Au_seg0636.wav,0,assamese
/content/drive/MyDrive/miniprojectfinal/data/preprocessed/Aamis (2019) Dual Au_seg0639.wav,1,assamese
/content/drive/MyDrive/miniprojectfinal/data/preprocessed/Aamis (2019) Dual Au_seg0640.wav,0,assamese
/content/drive/MyDrive/miniprojectfinal/data/preprocessed/Aamis (2019) Dual Au_seg0643.wav,0,assamese
/content/drive/MyDrive/miniprojectfinal/data/preprocessed/Aamis (2019) Dual Au_seg0646.wav,0,assamese
/content/drive/MyDrive/miniprojectfinal/data/preprocessed/Aamis (2019) Dual Au_seg0649.wav,0,assamese
/content/drive/MyDrive/miniprojectfinal/data/preprocessed/Aamis (2019) Dual Au_seg0652.wav,0,assamese
/content/drive/MyDrive/miniprojectfinal/data/preprocessed/Aamis (2019) Dual Au_seg0654.wav,0,assamese
/content/drive/MyDrive/miniprojectfinal/data/preprocessed/Aamis (2019) Dual Au_seg0656.wav,0,assamese
/content/drive/MyDrive/miniprojectfinal/data/preprocessed/Aamis (2019) Dual Au_seg0658.wav,1,assamese
/content/drive/MyDrive/miniprojectfinal/data/preprocessed/Aamis (2019) Dual Au_seg0659.wav,0,assamese
/content/drive/MyDrive/miniprojectfinal/data/preprocessed/Aamis (2019) Dual Au_seg0660.wav,0,assamese
/content/drive/MyDrive/miniprojectfinal/data/preprocessed/Aamis (2019) Dual Au_seg0661.wav,0,assamese
/content/drive/MyDrive/miniprojectfinal/data/preprocessed/Aamis (2019) Dual Au_seg0662.wav,0,assamese
/content/drive/MyDrive/miniprojectfinal/data/preprocessed/Aamis (2019) Dual Au_seg0663.wav,1,assamese
/content/drive/MyDrive/miniprojectfinal/data/preprocessed/Aamis (2019) Dual Au_seg0665.wav,0,assamese
/content/drive/MyDrive/miniprojectfinal/data/preprocessed/Aamis (2019) Dual Au_seg0666.wav,0,assamese
/content/drive/MyDrive/miniprojectfinal/data/preprocessed/Aamis (2019) Dual Au_seg0668.wav,0,assamese
/content/drive/MyDrive/miniprojectfinal/data/preprocessed/Aamis (2019) Dual Au_seg0671.wav,0,assamese
/content/drive/MyDrive/miniprojectfinal/data/preprocessed/Aamis (2019) Dual Au_seg0672.wav,0,assamese
/content/drive/MyDrive/miniprojectfinal/data/preprocessed/Aamis (2019) Dual Au_seg0674.wav,0,assamese
/content/drive/MyDrive/miniprojectfinal/data/preprocessed/Aamis (2019) Dual Au_seg0676.wav,0,assamese
/content/drive/MyDrive/miniprojectfinal/data/preprocessed/Aamis (2019) Dual Au_seg0678.wav,0,assamese
/content/drive/MyDrive/miniprojectfinal/data/preprocessed/Aamis (2019) Dual Au_seg0679.wav,0,assamese
/content/drive/MyDrive/miniprojectfinal/data/preprocessed/Aamis (2019) Dual Au_seg0680.wav,1,assamese
/content/drive/MyDrive/miniprojectfinal/data/preprocessed/Aamis (2019) Dual Au_seg0681.wav,0,assamese
/content/drive/MyDrive/miniprojectfinal/data/preprocessed/Aamis (2019) Dual Au_seg0682.wav,0,assamese
/content/drive/MyDrive/miniprojectfinal/data/preprocessed/Aamis (2019) Dual Au_seg0685.wav,0,assamese
/content/drive/MyDrive/miniprojectfinal/data/preprocessed/Aamis (2019) Dual Au_seg0686.wav,0,assamese
/content/drive/MyDrive/miniprojectfinal/data/preprocessed/Aamis (2019) Dual Au_seg0687.wav,0,assamese
/content/drive/MyDrive/miniprojectfinal/data/preprocessed/Aamis (2019) Dual Au_seg0688.wav,0,assamese
/content/drive/MyDrive/miniprojectfinal/data/preprocessed/Aamis (2019) Dual Au_seg0692.wav,0,assamese
/content/drive/MyDrive/miniprojectfinal/data/preprocessed/Aamis (2019) Dual Au_seg0694.wav,0,assamese
/content/drive/MyDrive/miniprojectfinal/data/preprocessed/Aamis (2019) Dual Au_seg0702.wav,0,assamese
/content/drive/MyDrive/miniprojectfinal/data/preprocessed/Aamis (2019) Dual Au_seg0704.wav,0,assamese
/content/drive/MyDrive/miniprojectfinal/data/preprocessed/Aamis (2019) Dual Au_seg0705.wav,1,assamese
/content/drive/MyDrive/miniprojectfinal/data/preprocessed/Aamis (2019) Dual Au_seg0706.wav,0,assamese
/content/drive/MyDrive/miniprojectfinal/data/preprocessed/Aamis (2019) Dual Au_seg0707.wav,0,assamese
/content/drive/MyDrive/miniprojectfinal/data/preprocessed/Aamis (2019) Dual Au_seg0710.wav,0,assamese
/content/drive/MyDrive/miniprojectfinal/data/preprocessed/Aamis (2019) Dual Au_seg0712.wav,0,assamese
/content/drive/MyDrive/miniprojectfinal/data/preprocessed/Aamis (2019) Dual Au_seg0713.wav,0,assamese
/content/drive/MyDrive/miniprojectfinal/data/preprocessed/Aamis (2019) Dual Au_seg0721.wav,0,assamese
/content/drive/MyDrive/miniprojectfinal/data/preprocessed/Aamis (2019) Dual Au_seg0723.wav,1,assamese
/content/drive/MyDrive/miniprojectfinal/data/preprocessed/Aamis (2019) Dual Au_seg0724.wav,1,assamese
/content/drive/MyDrive/miniprojectfinal/data/preprocessed/Aamis (2019) Dual Au_seg0727.wav,1,assamese
/content/drive/MyDrive/miniprojectfinal/data/preprocessed/Aamis (2019) Dual Au_seg0728.wav,1,assamese
/content/drive/MyDrive/miniprojectfinal/data/preprocessed/Aamis (2019) Dual Au_seg0731.wav,1,assamese
/content/drive/MyDrive/miniprojectfinal/data/preprocessed/Aamis (2019) Dual Au_seg0732.wav,1,assamese
/content/drive/MyDrive/miniprojectfinal/data/preprocessed/Aamis (2019) Dual Au_seg0733.wav,1,assamese
/content/drive/MyDrive/miniprojectfinal/data/preprocessed/Aamis (2019) Dual Au_seg0734.wav,0,assamese
/content/drive/MyDrive/miniprojectfinal/data/preprocessed/Aamis (2019) Dual Au_seg0735.wav,0,assamese
/content/drive/MyDrive/miniprojectfinal/data/preprocessed/Aamis (2019) Dual Au_seg0736.wav,1,assamese
/content/drive/MyDrive/miniprojectfinal/data/preprocessed/Aamis (2019) Dual Au_seg0745.wav,0,assamese
/content/drive/MyDrive/miniprojectfinal/data/preprocessed/Aamis (2019) Dual Au_seg0749.wav,0,assamese
/content/drive/MyDrive/miniprojectfinal/data/preprocessed/Aamis (2019) Dual Au_seg0751.wav,1,assamese
/content/drive/MyDrive/miniprojectfinal/data/preprocessed/Aamis (2019) Dual Au_seg0755.wav,0,assamese
/content/drive/MyDrive/miniprojectfinal/data/preprocessed/Aamis (2019) Dual Au_seg0756.wav,0,assamese
/content/drive/MyDrive/miniprojectfinal/data/preprocessed/Aamis (2019) Dual Au_seg0757.wav,1,assamese
/content/drive/MyDrive/miniprojectfinal/data/preprocessed/Aamis (2019) Dual Au_seg0758.wav,1,assamese
/content/drive/MyDrive/miniprojectfinal/data/preprocessed/Aamis (2019) Dual Au_seg0762.wav,1,assamese
/content/drive/MyDrive/miniprojectfinal/data/preprocessed/Aamis (2019) Dual Au_seg0763.wav,1,assamese
/content/drive/MyDrive/miniprojectfinal/data/preprocessed/Aamis (2019) Dual Au_seg0768.wav,1,assamese
/content/drive/MyDrive/miniprojectfinal/data/preprocessed/Aamis (2019) Dual Au_seg0771.wav,1,assamese
/content/drive/MyDrive/miniprojectfinal/data/preprocessed/Aamis (2019) Dual Au_seg0778.wav,0,assamese
/content/drive/MyDrive/miniprojectfinal/data/preprocessed/Aamis (2019) Dual Au_seg0785.wav,0,assamese
/content/drive/MyDrive/miniprojectfinal/data/preprocessed/Aamis (2019) Dual Au_seg0788.wav,0,assamese
/content/drive/MyDrive/miniprojectfinal/data/preprocessed/Aamis (2019) Dual Au_seg0789.wav,0,assamese
/content/drive/MyDrive/miniprojectfinal/data/preprocessed/Aamis (2019) Dual Au_seg0791.wav,1,assamese
/content/drive/MyDrive/miniprojectfinal/data/preprocessed/Aamis (2019) Dual Au_seg0793.wav,0,assamese
/content/drive/MyDrive/miniprojectfinal/data/preprocessed/Aamis (2019) Dual Au_seg0794.wav,0,assamese
/content/drive/MyDrive/miniprojectfinal/data/preprocessed/Aamis (2019) Dual Au_seg0795.wav,0,assamese
/content/drive/MyDrive/miniprojectfinal/data/preprocessed/Aamis (2019) Dual Au_seg0796.wav,0,assamese
/content/drive/MyDrive/miniprojectfinal/data/preprocessed/Aamis (2019) Dual Au_seg0797.wav,0,assamese
/content/drive/MyDrive/miniprojectfinal/data/preprocessed/Aamis (2019) Dual Au_seg0800.wav,0,assamese
/content/drive/MyDrive/miniprojectfinal/data/preprocessed/Aamis (2019) Dual Au_seg0801.wav,1,assamese
/content/drive/MyDrive/miniprojectfinal/data/preprocessed/Aamis (2019) Dual Au_seg0804.wav,1,assamese
/content/drive/MyDrive/miniprojectfinal/data/preprocessed/Aamis (2019) Dual Au_seg0805.wav,1,assamese
/content/drive/MyDrive/miniprojectfinal/data/preprocessed/Aamis (2019) Dual Au_seg0807.wav,1,assamese
/content/drive/MyDrive/miniprojectfinal/data/preprocessed/Aamis (2019) Dual Au_seg0809.wav,0,assamese
/content/drive/MyDrive/miniprojectfinal/data/preprocessed/Aamis (2019) Dual Au_seg0813.wav,0,assamese
/content/drive/MyDrive/miniprojectfinal/data/preprocessed/Aamis (2019) Dual Au_seg0814.wav,0,assamese
/content/drive/MyDrive/miniprojectfinal/data/preprocessed/Aamis (2019) Dual Au_seg0816.wav,0,assamese
/content/drive/MyDrive/miniprojectfinal/data/preprocessed/Aamis (2019) Dual Au_seg0820.wav,0,assamese
/content/drive/MyDrive/miniprojectfinal/data/preprocessed/Aamis (2019) Dual Au_seg0821.wav,0,assamese
/content/drive/MyDrive/miniprojectfinal/data/preprocessed/Aamis (2019) Dual Au_seg0823.wav,0,assamese
/content/drive/MyDrive/miniprojectfinal/data/preprocessed/Aamis (2019) Dual Au_seg0826.wav,0,assamese
/content/drive/MyDrive/miniprojectfinal/data/preprocessed/Aamis (2019) Dual Au_seg0827.wav,0,assamese
/content/drive/MyDrive/miniprojectfinal/data/preprocessed/Aamis (2019) Dual Au_seg0828.wav,0,assamese
/content/drive/MyDrive/miniprojectfinal/data/preprocessed/Aamis (2019) Dual Au_seg0835.wav,1,assamese
/content/drive/MyDrive/miniprojectfinal/data/preprocessed/Aamis (2019) Dual Au_seg0839.wav,1,assamese
/content/drive/MyDrive/miniprojectfinal/data/preprocessed/Aamis (2019) Dual Au_seg0840.wav,1,assamese
/content/drive/MyDrive/miniprojectfinal/data/preprocessed/Aamis (2019) Dual Au_seg0841.wav,1,assamese
/content/drive/MyDrive/miniprojectfinal/data/preprocessed/Aamis (2019) Dual Au_seg0847.wav,1,assamese
/content/drive/MyDrive/miniprojectfinal/data/preprocessed/Aamis (2019) Dual Au_seg0849.wav,1,assamese
/content/drive/MyDrive/miniprojectfinal/data/preprocessed/Aamis (2019) Dual Au_seg0853.wav,1,assamese
/content/drive/MyDrive/miniprojectfinal/data/preprocessed/Aamis (2019) Dual Au_seg0857.wav,1,assamese
/content/drive/MyDrive/miniprojectfinal/data/preprocessed/Aamis (2019) Dual Au_seg0859.wav,1,assamese
/content/drive/MyDrive/miniprojectfinal/data/preprocessed/Aamis (2019) Dual Au_seg0875.wav,0,assamese
/content/drive/MyDrive/miniprojectfinal/data/preprocessed/Aamis (2019) Dual Au_seg0876.wav,1,assamese
/content/drive/MyDrive/miniprojectfinal/data/preprocessed/Aamis (2019) Dual Au_seg0877.wav,1,assamese
/content/drive/MyDrive/miniprojectfinal/data/preprocessed/Aamis (2019) Dual Au_seg0878.wav,1,assamese
/content/drive/MyDrive/miniprojectfinal/data/preprocessed/Aamis (2019) Dual Au_seg0879.wav,1,assamese
/content/drive/MyDrive/miniprojectfinal/data/preprocessed/Aamis (2019) Dual Au_seg0880.wav,0,assamese
/content/drive/MyDrive/miniprojectfinal/data/preprocessed/Aamis (2019) Dual Au_seg0881.wav,0,assamese
/content/drive/MyDrive/miniprojectfinal/data/preprocessed/Aamis (2019) Dual Au_seg0882.wav,1,assamese
/content/drive/MyDrive/miniprojectfinal/data/preprocessed/Aamis (2019) Dual Au_seg0884.wav,0,assamese
/content/drive/MyDrive/miniprojectfinal/data/preprocessed/Aamis (2019) Dual Au_seg0890.wav,1,assamese
/content/drive/MyDrive/miniprojectfinal/data/preprocessed/Aamis (2019) Dual Au_seg0891.wav,1,assamese
/content/drive/MyDrive/miniprojectfinal/data/preprocessed/Aamis (2019) Dual Au_seg0892.wav,1,assamese
/content/drive/MyDrive/miniprojectfinal/data/preprocessed/Aamis (2019) Dual Au_seg0893.wav,0,assamese
/content/drive/MyDrive/miniprojectfinal/data/preprocessed/Aamis (2019) Dual Au_seg0894.wav,1,assamese
/content/drive/MyDrive/miniprojectfinal/data/preprocessed/Aamis (2019) Dual Au_seg0895.wav,1,assamese
/content/drive/MyDrive/miniprojectfinal/data/preprocessed/Aamis (2019) Dual Au_seg0898.wav,0,assamese
/content/drive/MyDrive/miniprojectfinal/data/preprocessed/Aamis (2019) Dual Au_seg0899.wav,1,assamese
/content/drive/MyDrive/miniprojectfinal/data/preprocessed/Aamis (2019) Dual Au_seg0900.wav,1,assamese
/content/drive/MyDrive/miniprojectfinal/data/preprocessed/Aamis (2019) Dual Au_seg0902.wav,1,assamese
/content/drive/MyDrive/miniprojectfinal/data/preprocessed/Aamis (2019) Dual Au_seg0907.wav,1,assamese
/content/drive/MyDrive/miniprojectfinal/data/preprocessed/Aamis (2019) Dual Au_seg0908.wav,1,assamese
/content/drive/MyDrive/miniprojectfinal/data/preprocessed/Aamis (2019) Dual Au_seg0909.wav,0,assamese
/content/drive/MyDrive/miniprojectfinal/data/preprocessed/Aamis (2019) Dual Au_seg0911.wav,0,assamese
/content/drive/MyDrive/miniprojectfinal/data/preprocessed/Aamis (2019) Dual Au_seg0912.wav,0,assamese
/content/drive/MyDrive/miniprojectfinal/data/preprocessed/Aamis (2019) Dual Au_seg0915.wav,1,assamese
/content/drive/MyDrive/miniprojectfinal/data/preprocessed/Aamis (2019) Dual Au_seg0918.wav,0,assamese
/content/drive/MyDrive/miniprojectfinal/data/preprocessed/Aamis (2019) Dual Au_seg0921.wav,0,assamese
/content/drive/MyDrive/miniprojectfinal/data/preprocessed/Aamis (2019) Dual Au_seg0922.wav,0,assamese
/content/drive/MyDrive/miniprojectfinal/data/preprocessed/Aamis (2019) Dual Au_seg0926.wav,1,assamese
/content/drive/MyDrive/miniprojectfinal/data/preprocessed/Aamis (2019) Dual Au_seg0928.wav,1,assamese
/content/drive/MyDrive/miniprojectfinal/data/preprocessed/Aamis (2019) Dual Au_seg0929.wav,1,assamese
/content/drive/MyDrive/miniprojectfinal/data/preprocessed/Aamis (2019) Dual Au_seg0933.wav,0,assamese
/content/drive/MyDrive/miniprojectfinal/data/preprocessed/Aamis (2019) Dual Au_seg0937.wav,1,assamese
/content/drive/MyDrive/miniprojectfinal/data/preprocessed/Aamis (2019) Dual Au_seg0942.wav,1,assamese
/content/drive/MyDrive/miniprojectfinal/data/preprocessed/news-debate_seg0000.wav,0,assamese
/content/drive/MyDrive/miniprojectfinal/data/preprocessed/news-debate_seg0001.wav,1,assamese
/content/drive/MyDrive/miniprojectfinal/data/preprocessed/news-debate_seg0002.wav,1,assamese
/content/drive/MyDrive/miniprojectfinal/data/preprocessed/news-debate_seg0004.wav,0,assamese
/content/drive/MyDrive/miniprojectfinal/data/preprocessed/news-debate_seg0008.wav,1,assamese
/content/drive/MyDrive/miniprojectfinal/data/preprocessed/news-debate_seg0009.wav,0,assamese
/content/drive/MyDrive/miniprojectfinal/data/preprocessed/news-debate_seg0010.wav,1,assamese
/content/drive/MyDrive/miniprojectfinal/data/preprocessed/news-debate_seg0012.wav,1,assamese
/content/drive/MyDrive/miniprojectfinal/data/preprocessed/news-debate_seg0013.wav,1,assamese
/content/drive/MyDrive/miniprojectfinal/data/preprocessed/news-debate_seg0014.wav,0,assamese
/content/drive/MyDrive/miniprojectfinal/data/preprocessed/news-debate_seg0015.wav,0,assamese
/content/drive/MyDrive/miniprojectfinal/data/preprocessed/news-debate_seg0019.wav,0,assamese
/content/drive/MyDrive/miniprojectfinal/data/preprocessed/news-debate_seg0023.wav,1,assamese
/content/drive/MyDrive/miniprojectfinal/data/preprocessed/news-debate_seg0024.wav,1,assamese
/content/drive/MyDrive/miniprojectfinal/data/preprocessed/news-debate_seg0027.wav,1,assamese
/content/drive/MyDrive/miniprojectfinal/data/preprocessed/news-debate_seg0030.wav,1,assamese
/content/drive/MyDrive/miniprojectfinal/data/preprocessed/news-debate_seg0031.wav,1,assamese
/content/drive/MyDrive/miniprojectfinal/data/preprocessed/news-debate_seg0032.wav,0,assamese
/content/drive/MyDrive/miniprojectfinal/data/preprocessed/news-debate_seg0034.wav,0,assamese
/content/drive/MyDrive/miniprojectfinal/data/preprocessed/news-debate_seg0035.wav,1,assamese
/content/drive/MyDrive/miniprojectfinal/data/preprocessed/news-debate_seg0036.wav,1,assamese
/content/drive/MyDrive/miniprojectfinal/data/preprocessed/news-debate_seg0039.wav,0,assamese
/content/drive/MyDrive/miniprojectfinal/data/preprocessed/news-debate_seg0040.wav,0,assamese
/content/drive/MyDrive/miniprojectfinal/data/preprocessed/news-debate_seg0042.wav,1,assamese
/content/drive/MyDrive/miniprojectfinal/data/preprocessed/news-debate_seg0043.wav,1,assamese
/content/drive/MyDrive/miniprojectfinal/data/preprocessed/news-debate_seg0046.wav,1,assamese
/content/drive/MyDrive/miniprojectfinal/data/preprocessed/news-debate_seg0049.wav,1,assamese
/content/drive/MyDrive/miniprojectfinal/data/preprocessed/news-debate_seg0051.wav,1,assamese
/content/drive/MyDrive/miniprojectfinal/data/preprocessed/news-debate_seg0055.wav,1,assamese
/content/drive/MyDrive/miniprojectfinal/data/preprocessed/news-debate_seg0056.wav,1,assamese
/content/drive/MyDrive/miniprojectfinal/data/preprocessed/news-debate_seg0057.wav,1,assamese
/content/drive/MyDrive/miniprojectfinal/data/preprocessed/news-debate_seg0058.wav,1,assamese
/content/drive/MyDrive/miniprojectfinal/data/preprocessed/news-debate_seg0059.wav,0,assamese
/content/drive/MyDrive/miniprojectfinal/data/preprocessed/news-debate_seg0061.wav,1,assamese
/content/drive/MyDrive/miniprojectfinal/data/preprocessed/news-debate_seg0063.wav,0,assamese
/content/drive/MyDrive/miniprojectfinal/data/preprocessed/news-debate_seg0064.wav,0,assamese
/content/drive/MyDrive/miniprojectfinal/data/preprocessed/news-debate_seg0065.wav,1,assamese
/content/drive/MyDrive/miniprojectfinal/data/preprocessed/news-debate_seg0066.wav,1,assamese
/content/drive/MyDrive/miniprojectfinal/data/preprocessed/news-debate_seg0069.wav,0,assamese
/content/drive/MyDrive/miniprojectfinal/data/preprocessed/news-debate_seg0070.wav,0,assamese
/content/drive/MyDrive/miniprojectfinal/data/preprocessed/news-debate_seg0073.wav,1,assamese
/content/drive/MyDrive/miniprojectfinal/data/preprocessed/news-debate_seg0074.wav,1,assamese
/content/drive/MyDrive/miniprojectfinal/data/preprocessed/news-debate_seg0075.wav,1,assamese
/content/drive/MyDrive/miniprojectfinal/data/preprocessed/news-debate_seg0076.wav,1,assamese
/content/drive/MyDrive/miniprojectfinal/data/preprocessed/news-debate_seg0077.wav,1,assamese
/content/drive/MyDrive/miniprojectfinal/data/preprocessed/news-debate_seg0078.wav,0,assamese
/content/drive/MyDrive/miniprojectfinal/data/preprocessed/news-debate_seg0079.wav,1,assamese
/content/drive/MyDrive/miniprojectfinal/data/preprocessed/news-debate_seg0080.wav,1,assamese
/content/drive/MyDrive/miniprojectfinal/data/preprocessed/news-debate_seg0081.wav,1,assamese
/content/drive/MyDrive/miniprojectfinal/data/preprocessed/news-debate_seg0082.wav,0,assamese
/content/drive/MyDrive/miniprojectfinal/data/preprocessed/news-debate_seg0083.wav,0,assamese
/content/drive/MyDrive/miniprojectfinal/data/preprocessed/news-debate_seg0084.wav,0,assamese
/content/drive/MyDrive/miniprojectfinal/data/preprocessed/news-debate_seg0090.wav,1,assamese
/content/drive/MyDrive/miniprojectfinal/data/preprocessed/news-debate_seg0091.wav,1,assamese
/content/drive/MyDrive/miniprojectfinal/data/preprocessed/news-debate_seg0092.wav,1,assamese
/content/drive/MyDrive/miniprojectfinal/data/preprocessed/news-debate_seg0093.wav,1,assamese
/content/drive/MyDrive/miniprojectfinal/data/preprocessed/news-debate_seg0094.wav,1,assamese
/content/drive/MyDrive/miniprojectfinal/data/preprocessed/news-debate_seg0095.wav,1,assamese
/content/drive/MyDrive/miniprojectfinal/data/preprocessed/news-debate_seg0096.wav,1,assamese
/content/drive/MyDrive/miniprojectfinal/data/preprocessed/news-debate_seg0097.wav,1,assamese
/content/drive/MyDrive/miniprojectfinal/data/preprocessed/news-debate_seg0098.wav,1,assamese
/content/drive/MyDrive/miniprojectfinal/data/preprocessed/news-debate_seg0099.wav,1,assamese
/content/drive/MyDrive/miniprojectfinal/data/preprocessed/news-debate_seg0100.wav,1,assamese
/content/drive/MyDrive/miniprojectfinal/data/preprocessed/news-debate_seg0101.wav,1,assamese
/content/drive/MyDrive/miniprojectfinal/data/preprocessed/news-debate_seg0102.wav,1,assamese
/content/drive/MyDrive/miniprojectfinal/data/preprocessed/news-debate_seg0104.wav,1,assamese
/content/drive/MyDrive/miniprojectfinal/data/preprocessed/news-debate_seg0105.wav,0,assamese
/content/drive/MyDrive/miniprojectfinal/data/preprocessed/news-debate_seg0106.wav,1,assamese
/content/drive/MyDrive/miniprojectfinal/data/preprocessed/news-debate_seg0107.wav,1,assamese
/content/drive/MyDrive/miniprojectfinal/data/preprocessed/news-debate_seg0108.wav,1,assamese
/content/drive/MyDrive/miniprojectfinal/data/preprocessed/news-debate_seg0109.wav,1,assamese
/content/drive/MyDrive/miniprojectfinal/data/preprocessed/news-debate_seg0111.wav,1,assamese
/content/drive/MyDrive/miniprojectfinal/data/preprocessed/news-debate_seg0113.wav,1,assamese
/content/drive/MyDrive/miniprojectfinal/data/preprocessed/news-debate_seg0114.wav,1,assamese
/content/drive/MyDrive/miniprojectfinal/data/preprocessed/news-debate_seg0115.wav,1,assamese
/content/drive/MyDrive/miniprojectfinal/data/preprocessed/news-debate_seg0116.wav,1,assamese
/content/drive/MyDrive/miniprojectfinal/data/preprocessed/news-debate_seg0117.wav,1,assamese
/content/drive/MyDrive/miniprojectfinal/data/preprocessed/news-debate_seg0118.wav,0,assamese
/content/drive/MyDrive/miniprojectfinal/data/preprocessed/news-debate_seg0119.wav,0,assamese
/content/drive/MyDrive/miniprojectfinal/data/preprocessed/news-debate_seg0123.wav,0,assamese
/content/drive/MyDrive/miniprojectfinal/data/preprocessed/news-debate_seg0125.wav,1,assamese
/content/drive/MyDrive/miniprojectfinal/data/preprocessed/news-debate_seg0130.wav,1,assamese
/content/drive/MyDrive/miniprojectfinal/data/preprocessed/news-debate_seg0132.wav,1,assamese
/content/drive/MyDrive/miniprojectfinal/data/preprocessed/news-debate_seg0133.wav,1,assamese
/content/drive/MyDrive/miniprojectfinal/data/preprocessed/news-debate_seg0140.wav,1,assamese
/content/drive/MyDrive/miniprojectfinal/data/preprocessed/news-debate_seg0143.wav,0,assamese
/content/drive/MyDrive/miniprojectfinal/data/preprocessed/news-debate_seg0145.wav,0,assamese
/content/drive/MyDrive/miniprojectfinal/data/preprocessed/news-debate_seg0149.wav,1,assamese
/content/drive/MyDrive/miniprojectfinal/data/preprocessed/news-debate_seg0152.wav,1,assamese
/content/drive/MyDrive/miniprojectfinal/data/preprocessed/news-debate_seg0153.wav,0,assamese
/content/drive/MyDrive/miniprojectfinal/data/preprocessed/news-debate_seg0157.wav,1,assamese
/content/drive/MyDrive/miniprojectfinal/data/preprocessed/news-debate_seg0160.wav,1,assamese
/content/drive/MyDrive/miniprojectfinal/data/preprocessed/news-debate_seg0161.wav,1,assamese
/content/drive/MyDrive/miniprojectfinal/data/preprocessed/news-debate_seg0166.wav,0,assamese
/content/drive/MyDrive/miniprojectfinal/data/preprocessed/news-debate_seg0168.wav,0,assamese
/content/drive/MyDrive/miniprojectfinal/data/preprocessed/news-debate_seg0169.wav,0,assamese
/content/drive/MyDrive/miniprojectfinal/data/preprocessed/news-debate_seg0170.wav,0,assamese
/content/drive/MyDrive/miniprojectfinal/data/preprocessed/news-debate_seg0173.wav,1,assamese
/content/drive/MyDrive/miniprojectfinal/data/preprocessed/news-debate_seg0174.wav,1,assamese
/content/drive/MyDrive/miniprojectfinal/data/preprocessed/news-debate_seg0175.wav,1,assamese
/content/drive/MyDrive/miniprojectfinal/data/preprocessed/news-debate_seg0176.wav,1,assamese
/content/drive/MyDrive/miniprojectfinal/data/preprocessed/news-debate_seg0177.wav,0,assamese
/content/drive/MyDrive/miniprojectfinal/data/preprocessed/news-debate_seg0178.wav,0,assamese
/content/drive/MyDrive/miniprojectfinal/data/preprocessed/news-debate_seg0179.wav,1,assamese
/content/drive/MyDrive/miniprojectfinal/data/preprocessed/news-debate_seg0181.wav,1,assamese
/content/drive/MyDrive/miniprojectfinal/data/preprocessed/news-debate_seg0182.wav,0,assamese
/content/drive/MyDrive/miniprojectfinal/data/preprocessed/news-debate_seg0183.wav,1,assamese
/content/drive/MyDrive/miniprojectfinal/data/preprocessed/news-debate_seg0187.wav,1,assamese
/content/drive/MyDrive/miniprojectfinal/data/preprocessed/news-debate_seg0188.wav,1,assamese
/content/drive/MyDrive/miniprojectfinal/data/preprocessed/news-debate_seg0190.wav,1,assamese
/content/drive/MyDrive/miniprojectfinal/data/preprocessed/news-debate_seg0191.wav,1,assamese
/content/drive/MyDrive/miniprojectfinal/data/preprocessed/news-debate_seg0192.wav,1,assamese
/content/drive/MyDrive/miniprojectfinal/data/preprocessed/news-debate_seg0194.wav,1,assamese
/content/drive/MyDrive/miniprojectfinal/data/preprocessed/news-debate_seg0195.wav,1,assamese
/content/drive/MyDrive/miniprojectfinal/data/preprocessed/news-debate_seg0197.wav,1,assamese
/content/drive/MyDrive/miniprojectfinal/data/preprocessed/news-debate_seg0198.wav,1,assamese
/content/drive/MyDrive/miniprojectfinal/data/preprocessed/news-debate_seg0200.wav,1,assamese
/content/drive/MyDrive/miniprojectfinal/data/preprocessed/news-debate_seg0202.wav,0,assamese
/content/drive/MyDrive/miniprojectfinal/data/preprocessed/news-debate_seg0203.wav,0,assamese
/content/drive/MyDrive/miniprojectfinal/data/preprocessed/news-debate_seg0205.wav,0,assamese
/content/drive/MyDrive/miniprojectfinal/data/preprocessed/news-debate_seg0206.wav,0,assamese
/content/drive/MyDrive/miniprojectfinal/data/preprocessed/news-debate_seg0207.wav,0,assamese
/content/drive/MyDrive/miniprojectfinal/data/preprocessed/news-debate_seg0209.wav,1,assamese
/content/drive/MyDrive/miniprojectfinal/data/preprocessed/news-debate_seg0210.wav,0,assamese
/content/drive/MyDrive/miniprojectfinal/data/preprocessed/news-debate_seg0211.wav,1,assamese
/content/drive/MyDrive/miniprojectfinal/data/preprocessed/news-debate_seg0212.wav,0,assamese
/content/drive/MyDrive/miniprojectfinal/data/preprocessed/news-debate_seg0213.wav,0,assamese
/content/drive/MyDrive/miniprojectfinal/data/preprocessed/news-debate_seg0214.wav,0,assamese
/content/drive/MyDrive/miniprojectfinal/data/preprocessed/news-debate_seg0215.wav,0,assamese
/content/drive/MyDrive/miniprojectfinal/data/preprocessed/news-debate_seg0216.wav,1,assamese
/content/drive/MyDrive/miniprojectfinal/data/preprocessed/news-debate_seg0217.wav,0,assamese
/content/drive/MyDrive/miniprojectfinal/data/preprocessed/news-debate_seg0220.wav,0,assamese
/content/drive/MyDrive/miniprojectfinal/data/preprocessed/news-debate_seg0222.wav,0,assamese
/content/drive/MyDrive/miniprojectfinal/data/preprocessed/news-debate_seg0227.wav,0,assamese
/content/drive/MyDrive/miniprojectfinal/data/preprocessed/news-debate_seg0228.wav,1,assamese
/content/drive/MyDrive/miniprojectfinal/data/preprocessed/news-debate_seg0229.wav,0,assamese
/content/drive/MyDrive/miniprojectfinal/data/preprocessed/news-debate_seg0231.wav,1,assamese
/content/drive/MyDrive/miniprojectfinal/data/preprocessed/news-debate_seg0232.wav,1,assamese
/content/drive/MyDrive/miniprojectfinal/data/preprocessed/news-debate_seg0233.wav,1,assamese
/content/drive/MyDrive/miniprojectfinal/data/preprocessed/news-debate_seg0234.wav,0,assamese
/content/drive/MyDrive/miniprojectfinal/data/preprocessed/news-debate_seg0235.wav,1,assamese
/content/drive/MyDrive/miniprojectfinal/data/preprocessed/news-debate_seg0236.wav,1,assamese
/content/drive/MyDrive/miniprojectfinal/data/preprocessed/news-debate_seg0237.wav,0,assamese
/content/drive/MyDrive/miniprojectfinal/data/preprocessed/news-debate_seg0238.wav,0,assamese
/content/drive/MyDrive/miniprojectfinal/data/preprocessed/news-debate_seg0239.wav,0,assamese
/content/drive/MyDrive/miniprojectfinal/data/preprocessed/news-debate_seg0240.wav,0,assamese
/content/drive/MyDrive/miniprojectfinal/data/preprocessed/news-debate_seg0249.wav,0,assamese
/content/drive/MyDrive/miniprojectfinal/data/preprocessed/news-debate_seg0250.wav,1,assamese
/content/drive/MyDrive/miniprojectfinal/data/preprocessed/news-debate_seg0251.wav,0,assamese
/content/drive/MyDrive/miniprojectfinal/data/preprocessed/news-debate_seg0253.wav,1,assamese
/content/drive/MyDrive/miniprojectfinal/data/preprocessed/news-debate_seg0255.wav,0,assamese
/content/drive/MyDrive/miniprojectfinal/data/preprocessed/news-debate_seg0257.wav,0,assamese
/content/drive/MyDrive/miniprojectfinal/data/preprocessed/news-debate_seg0258.wav,1,assamese
/content/drive/MyDrive/miniprojectfinal/data/preprocessed/news-debate_seg0259.wav,0,assamese
/content/drive/MyDrive/miniprojectfinal/data/preprocessed/news-debate_seg0260.wav,0,assamese
/content/drive/MyDrive/miniprojectfinal/data/preprocessed/news-debate_seg0261.wav,0,assamese
/content/drive/MyDrive/miniprojectfinal/data/preprocessed/news-debate_seg0262.wav,0,assamese
/content/drive/MyDrive/miniprojectfinal/data/preprocessed/news-debate_seg0263.wav,0,assamese
/content/drive/MyDrive/miniprojectfinal/data/preprocessed/news-debate_seg0264.wav,1,assamese
/content/drive/MyDrive/miniprojectfinal/data/preprocessed/news-debate_seg0267.wav,1,assamese
/content/drive/MyDrive/miniprojectfinal/data/preprocessed/news-debate_seg0269.wav,0,assamese
/content/drive/MyDrive/miniprojectfinal/data/preprocessed/news-debate_seg0270.wav,1,assamese
/content/drive/MyDrive/miniprojectfinal/data/preprocessed/news-debate_seg0274.wav,1,assamese
/content/drive/MyDrive/miniprojectfinal/data/preprocessed/news-debate_seg0275.wav,0,assamese
/content/drive/MyDrive/miniprojectfinal/data/preprocessed/news-debate_seg0276.wav,1,assamese
/content/drive/MyDrive/miniprojectfinal/data/preprocessed/news-debate_seg0277.wav,1,assamese
/content/drive/MyDrive/miniprojectfinal/data/preprocessed/news-debate_seg0278.wav,1,assamese
/content/drive/MyDrive/miniprojectfinal/data/preprocessed/news-debate_seg0279.wav,1,assamese
/content/drive/MyDrive/miniprojectfinal/data/preprocessed/news-debate_seg0280.wav,1,assamese
/content/drive/MyDrive/miniprojectfinal/data/preprocessed/news-debate_seg0283.wav,1,assamese
/content/drive/MyDrive/miniprojectfinal/data/preprocessed/news-debate_seg0285.wav,1,assamese
/content/drive/MyDrive/miniprojectfinal/data/preprocessed/news-debate_seg0286.wav,0,assamese
/content/drive/MyDrive/miniprojectfinal/data/preprocessed/news-debate_seg0287.wav,0,assamese
/content/drive/MyDrive/miniprojectfinal/data/preprocessed/news-debate_seg0288.wav,0,assamese
/content/drive/MyDrive/miniprojectfinal/data/preprocessed/news-debate_seg0296.wav,1,assamese
/content/drive/MyDrive/miniprojectfinal/data/preprocessed/news-debate_seg0299.wav,1,assamese
/content/drive/MyDrive/miniprojectfinal/data/preprocessed/news-debate_seg0300.wav,0,assamese
/content/drive/MyDrive/miniprojectfinal/data/preprocessed/news-debate_seg0301.wav,0,assamese
/content/drive/MyDrive/miniprojectfinal/data/preprocessed/news-debate_seg0308.wav,1,assamese
/content/drive/MyDrive/miniprojectfinal/data/preprocessed/news-debate_seg0310.wav,1,assamese
/content/drive/MyDrive/miniprojectfinal/data/preprocessed/news-debate_seg0311.wav,1,assamese
/content/drive/MyDrive/miniprojectfinal/data/preprocessed/news-debate_seg0313.wav,1,assamese
/content/drive/MyDrive/miniprojectfinal/data/preprocessed/news-debate_seg0314.wav,1,assamese
/content/drive/MyDrive/miniprojectfinal/data/preprocessed/news-debate_seg0318.wav,1,assamese
/content/drive/MyDrive/miniprojectfinal/data/preprocessed/news-debate_seg0319.wav,1,assamese
/content/drive/MyDrive/miniprojectfinal/data/preprocessed/news-debate_seg0321.wav,1,assamese
/content/drive/MyDrive/miniprojectfinal/data/preprocessed/news-debate_seg0322.wav,1,assamese
/content/drive/MyDrive/miniprojectfinal/data/preprocessed/news-debate_seg0324.wav,1,assamese
/content/drive/MyDrive/miniprojectfinal/data/preprocessed/news-debate_seg0325.wav,1,assamese
/content/drive/MyDrive/miniprojectfinal/data/preprocessed/news-debate_seg0326.wav,1,assamese
/content/drive/MyDrive/miniprojectfinal/data/preprocessed/news-debate_seg0327.wav,1,assamese
/content/drive/MyDrive/miniprojectfinal/data/preprocessed/news-debate_seg0328.wav,1,assamese
/content/drive/MyDrive/miniprojectfinal/data/preprocessed/news-debate_seg0329.wav,1,assamese
/content/drive/MyDrive/miniprojectfinal/data/preprocessed/news-debate_seg0331.wav,1,assamese
/content/drive/MyDrive/miniprojectfinal/data/preprocessed/news-debate_seg0332.wav,1,assamese
/content/drive/MyDrive/miniprojectfinal/data/preprocessed/news-debate_seg0333.wav,1,assamese
/content/drive/MyDrive/miniprojectfinal/data/preprocessed/news-debate_seg0334.wav,1,assamese
/content/drive/MyDrive/miniprojectfinal/data/preprocessed/news-debate_seg0338.wav,1,assamese
/content/drive/MyDrive/miniprojectfinal/data/preprocessed/news-debate_seg0340.wav,1,assamese
/content/drive/MyDrive/miniprojectfinal/data/preprocessed/news-debate_seg0343.wav,1,assamese
/content/drive/MyDrive/miniprojectfinal/data/preprocessed/news-debate_seg0344.wav,1,assamese
/content/drive/MyDrive/miniprojectfinal/data/preprocessed/news-debate_seg0345.wav,1,assamese
/content/drive/MyDrive/miniprojectfinal/data/preprocessed/news-debate_seg0346.wav,1,assamese
/content/drive/MyDrive/miniprojectfinal/data/preprocessed/news-debate_seg0348.wav,1,assamese
/content/drive/MyDrive/miniprojectfinal/data/preprocessed/news-debate_seg0349.wav,1,assamese
/content/drive/MyDrive/miniprojectfinal/data/preprocessed/news-debate_seg0350.wav,1,assamese
/content/drive/MyDrive/miniprojectfinal/data/preprocessed/news-debate_seg0353.wav,1,assamese
/content/drive/MyDrive/miniprojectfinal/data/preprocessed/news-debate_seg0354.wav,1,assamese
/content/drive/MyDrive/miniprojectfinal/data/preprocessed/news-debate_seg0359.wav,0,assamese
/content/drive/MyDrive/miniprojectfinal/data/preprocessed/news-debate_seg0363.wav,1,assamese
/content/drive/MyDrive/miniprojectfinal/data/preprocessed/news-debate_seg0364.wav,1,assamese
/content/drive/MyDrive/miniprojectfinal/data/preprocessed/news-debate_seg0366.wav,1,assamese
/content/drive/MyDrive/miniprojectfinal/data/preprocessed/news-debate_seg0367.wav,1,assamese
/content/drive/MyDrive/miniprojectfinal/data/preprocessed/podcast_seg0003.wav,0,assamese
/content/drive/MyDrive/miniprojectfinal/data/preprocessed/podcast_seg0006.wav,0,assamese
/content/drive/MyDrive/miniprojectfinal/data/preprocessed/podcast_seg0007.wav,0,assamese
/content/drive/MyDrive/miniprojectfinal/data/preprocessed/podcast_seg0009.wav,0,assamese
/content/drive/MyDrive/miniprojectfinal/data/preprocessed/podcast_seg0011.wav,1,assamese
/content/drive/MyDrive/miniprojectfinal/data/preprocessed/podcast_seg0018.wav,1,assamese
/content/drive/MyDrive/miniprojectfinal/data/preprocessed/podcast_seg0019.wav,1,assamese
/content/drive/MyDrive/miniprojectfinal/data/preprocessed/podcast_seg0021.wav,0,assamese
/content/drive/MyDrive/miniprojectfinal/data/preprocessed/podcast_seg0024.wav,0,assamese
/content/drive/MyDrive/miniprojectfinal/data/preprocessed/podcast_seg0031.wav,0,assamese
/content/drive/MyDrive/miniprojectfinal/data/preprocessed/podcast_seg0033.wav,0,assamese
/content/drive/MyDrive/miniprojectfinal/data/preprocessed/podcast_seg0039.wav,0,assamese
/content/drive/MyDrive/miniprojectfinal/data/preprocessed/podcast_seg0040.wav,0,assamese
/content/drive/MyDrive/miniprojectfinal/data/preprocessed/podcast_seg0042.wav,1,assamese
/content/drive/MyDrive/miniprojectfinal/data/preprocessed/podcast_seg0051.wav,0,assamese
/content/drive/MyDrive/miniprojectfinal/data/preprocessed/podcast_seg0060.wav,0,assamese
/content/drive/MyDrive/miniprojectfinal/data/preprocessed/podcast_seg0063.wav,0,assamese
/content/drive/MyDrive/miniprojectfinal/data/preprocessed/podcast_seg0064.wav,1,assamese
/content/drive/MyDrive/miniprojectfinal/data/preprocessed/podcast_seg0065.wav,1,assamese
/content/drive/MyDrive/miniprojectfinal/data/preprocessed/podcast_seg0067.wav,1,assamese
/content/drive/MyDrive/miniprojectfinal/data/preprocessed/podcast_seg0071.wav,0,assamese
/content/drive/MyDrive/miniprojectfinal/data/preprocessed/podcast_seg0074.wav,0,assamese
/content/drive/MyDrive/miniprojectfinal/data/preprocessed/podcast_seg0075.wav,0,assamese
/content/drive/MyDrive/miniprojectfinal/data/preprocessed/podcast_seg0077.wav,1,assamese
/content/drive/MyDrive/miniprojectfinal/data/preprocessed/podcast_seg0079.wav,1,assamese
/content/drive/MyDrive/miniprojectfinal/data/preprocessed/podcast_seg0081.wav,1,assamese
/content/drive/MyDrive/miniprojectfinal/data/preprocessed/podcast_seg0082.wav,0,assamese
/content/drive/MyDrive/miniprojectfinal/data/preprocessed/podcast_seg0086.wav,1,assamese
/content/drive/MyDrive/miniprojectfinal/data/preprocessed/podcast_seg0088.wav,0,assamese
/content/drive/MyDrive/miniprojectfinal/data/preprocessed/podcast_seg0094.wav,0,assamese
/content/drive/MyDrive/miniprojectfinal/data/preprocessed/podcast_seg0095.wav,1,assamese
/content/drive/MyDrive/miniprojectfinal/data/preprocessed/podcast_seg0099.wav,1,assamese
/content/drive/MyDrive/miniprojectfinal/data/preprocessed/podcast_seg0105.wav,0,assamese
/content/drive/MyDrive/miniprojectfinal/data/preprocessed/podcast_seg0109.wav,0,assamese
/content/drive/MyDrive/miniprojectfinal/data/preprocessed/podcast_seg0111.wav,0,assamese
/content/drive/MyDrive/miniprojectfinal/data/preprocessed/podcast_seg0114.wav,0,assamese
/content/drive/MyDrive/miniprojectfinal/data/preprocessed/podcast_seg0118.wav,1,assamese
/content/drive/MyDrive/miniprojectfinal/data/preprocessed/podcast_seg0124.wav,0,assamese
